-- phpMyAdmin SQL Dump
-- version 4.5.1
-- http://www.phpmyadmin.net
--
-- Host: 127.0.0.1
-- Generation Time: Jan 30, 2018 at 07:49 AM
-- Server version: 10.1.19-MariaDB
-- PHP Version: 7.0.13

SET SQL_MODE = "NO_AUTO_VALUE_ON_ZERO";
SET time_zone = "+00:00";


/*!40101 SET @OLD_CHARACTER_SET_CLIENT=@@CHARACTER_SET_CLIENT */;
/*!40101 SET @OLD_CHARACTER_SET_RESULTS=@@CHARACTER_SET_RESULTS */;
/*!40101 SET @OLD_COLLATION_CONNECTION=@@COLLATION_CONNECTION */;
/*!40101 SET NAMES utf8mb4 */;

--
-- Database: `crm`
--

-- --------------------------------------------------------

--
-- Table structure for table `callingreports`
--

CREATE TABLE `callingreports` (
  `callingReportId` int(11) NOT NULL,
  `report` varchar(20) DEFAULT NULL
) ENGINE=InnoDB DEFAULT CHARSET=utf8;

--
-- Dumping data for table `callingreports`
--

INSERT INTO `callingreports` (`callingReportId`, `report`) VALUES
(1, 'Called'),
(5, 'not Available'),
(6, 'Emailed');

-- --------------------------------------------------------

--
-- Table structure for table `categories`
--

CREATE TABLE `categories` (
  `categoryId` int(11) NOT NULL,
  `categoryName` varchar(45) NOT NULL,
  `type` int(11) DEFAULT NULL
) ENGINE=InnoDB DEFAULT CHARSET=utf8;

--
-- Dumping data for table `categories`
--

INSERT INTO `categories` (`categoryId`, `categoryName`, `type`) VALUES
(1, 'Agency', 1),
(2, 'Photography', 1),
(3, 'Urgent', 2);

-- --------------------------------------------------------

--
-- Table structure for table `comments`
--

CREATE TABLE `comments` (
  `commentId` int(11) NOT NULL,
  `comments` varchar(100) DEFAULT NULL,
  `leadId` int(11) NOT NULL,
  `userId` int(11) NOT NULL,
  `report` int(3) NOT NULL,
  `progress` varchar(50) NOT NULL,
  `created_at` timestamp NOT NULL DEFAULT CURRENT_TIMESTAMP
) ENGINE=InnoDB DEFAULT CHARSET=utf8;

-- --------------------------------------------------------

--
-- Table structure for table `countries`
--

CREATE TABLE `countries` (
  `countryId` int(11) NOT NULL,
  `countryName` varchar(45) NOT NULL
) ENGINE=InnoDB DEFAULT CHARSET=utf8;

--
-- Dumping data for table `countries`
--

INSERT INTO `countries` (`countryId`, `countryName`) VALUES
(1, 'Bangladesh'),
(2, 'India');

-- --------------------------------------------------------

--
-- Table structure for table `designations`
--

CREATE TABLE `designations` (
  `designationId` int(11) NOT NULL,
  `designationName` varchar(45) DEFAULT NULL
) ENGINE=InnoDB DEFAULT CHARSET=utf8;

-- --------------------------------------------------------

--
-- Table structure for table `followup`
--

CREATE TABLE `followup` (
  `followId` int(11) NOT NULL,
  `leadId` int(11) NOT NULL,
  `followUpDate` date NOT NULL,
  `comment` text,
  `created_at` timestamp NOT NULL DEFAULT CURRENT_TIMESTAMP,
  `userId` int(11) DEFAULT NULL
) ENGINE=InnoDB DEFAULT CHARSET=utf8;

--
-- Dumping data for table `followup`
--

INSERT INTO `followup` (`followId`, `leadId`, `followUpDate`, `comment`, `created_at`, `userId`) VALUES
(3, 11, '2018-01-29', NULL, '2018-01-29 05:46:01', 2);

-- --------------------------------------------------------

--
-- Table structure for table `leadassigneds`
--

CREATE TABLE `leadassigneds` (
  `assignId` int(11) NOT NULL,
  `assignBy` int(11) NOT NULL,
  `assignTo` int(11) DEFAULT NULL,
  `leadId` int(11) NOT NULL,
  `created_at` timestamp NOT NULL DEFAULT CURRENT_TIMESTAMP,
  `leaveDate` date DEFAULT NULL
) ENGINE=InnoDB DEFAULT CHARSET=utf8;

-- --------------------------------------------------------

--
-- Table structure for table `leads`
--

CREATE TABLE `leads` (
  `leadId` int(11) NOT NULL,
  `statusId` int(11) NOT NULL,
  `possibilityId` int(11) DEFAULT NULL,
  `categoryId` int(11) NOT NULL,
  `companyName` varchar(500) DEFAULT NULL,
  `personName` varchar(100) DEFAULT NULL,
  `designation` varchar(100) DEFAULT NULL,
  `website` varchar(100) DEFAULT NULL,
  `email` varchar(100) DEFAULT NULL,
  `contactNumber` varchar(45) DEFAULT NULL,
  `countryId` int(11) DEFAULT NULL,
  `comments` varchar(500) DEFAULT NULL,
  `contactedUserId` int(11) DEFAULT NULL,
  `minedBy` int(11) NOT NULL,
  `leadAssignStatus` int(1) DEFAULT NULL,
  `created_at` timestamp NOT NULL DEFAULT CURRENT_TIMESTAMP
) ENGINE=InnoDB DEFAULT CHARSET=utf8;

--
-- Dumping data for table `leads`
--

INSERT INTO `leads` (`leadId`, `statusId`, `possibilityId`, `categoryId`, `companyName`, `personName`, `designation`, `website`, `email`, `contactNumber`, `countryId`, `comments`, `contactedUserId`, `minedBy`, `leadAssignStatus`, `created_at`) VALUES
(4, 2, 1, 1, 'test Company', 'contact', NULL, 'Test URl', 'test@tr.sdsd', '0123459', 1, NULL, NULL, 1, NULL, '2018-01-16 10:33:24'),
(5, 2, 1, 1, 'testing by Farzad', 'testing by Farzad', NULL, 'testing by Farzad', 'testing@by.Farzad', '123456789', 1, 'lol', NULL, 1, NULL, '2018-01-16 10:37:18'),
(7, 2, 1, 1, 'asd', 'sdsds', NULL, 'dasddded', 'gk@kjk.dsd', '01324729264', 1, NULL, NULL, 1, NULL, '2018-01-16 11:24:53'),
(8, 2, 3, 2, 'today company', 'test', NULL, 'today company', 'today@company.com', '01264978', 2, 'commmm', NULL, 1, NULL, '2018-01-17 07:48:49'),
(10, 2, 1, 1, 'This lead is From Today', 'Group', NULL, 'www.ascb.com', 'farzad@yahoo.com', '0165989484', 2, 'testing 123', NULL, 1, NULL, '2018-01-18 10:29:16'),
(11, 2, 2, 1, 'Lead By Farzad', 'Friday', NULL, 'www.friday.com', 'friday@gmail', '+12234564642', 1, 'sdsdsd', NULL, 1, NULL, '2018-01-19 12:33:02'),
(12, 2, 1, 1, 'Saturday Lead', 'Mr. Sat', 'Manager', 'done.com', 'saturday@yahoo.com', '00000', 1, 'Done', NULL, 1, NULL, '2018-01-20 04:34:25'),
(13, 1, 1, 2, 'Updated', 'Masud Rana', 'Project Manager', 'www.abcd.com.bd', 'masudrana@gmail.com', '01718447860', 2, 'higher priority', NULL, 1, NULL, '2018-01-22 08:11:48'),
(14, 1, NULL, 1, 'teadda', 'sdfadsf', 'sdfsdfds', 'asdfasdf', 'sdf@df.com', '0654654', 1, 'dfdfsfd', NULL, 2, NULL, '2018-01-30 05:46:07'),
(15, 1, NULL, 1, 'asdfsdfasdf', 'sadfasdf', 'dsfdsfdf', 'sadfadsfasd', 'dsf@sdsd.com', '654654', 1, 'sdfsdfsdf', NULL, 2, NULL, '2018-01-30 05:46:28'),
(16, 1, NULL, 1, 'sdhafsdaf', 'dasfsdf', 'sdafasf', 'sdafsadf', 'sonok.sarker06@gmail.com', '123435454', 1, 'asdfsadfsad', NULL, 2, NULL, '2018-01-30 05:46:53');

-- --------------------------------------------------------

--
-- Table structure for table `leadstatus`
--

CREATE TABLE `leadstatus` (
  `statusId` int(11) NOT NULL,
  `statusName` varchar(25) NOT NULL
) ENGINE=InnoDB DEFAULT CHARSET=utf8;

--
-- Dumping data for table `leadstatus`
--

INSERT INTO `leadstatus` (`statusId`, `statusName`) VALUES
(1, 'Temp Lead'),
(2, 'Filtered Lead');

-- --------------------------------------------------------

--
-- Table structure for table `leaves`
--

CREATE TABLE `leaves` (
  `leaveId` int(11) NOT NULL,
  `userId` int(11) NOT NULL,
  `cause` varchar(1000) NOT NULL,
  `startDate` varchar(45) NOT NULL,
  `endDate` varchar(45) NOT NULL,
  `status` int(11) NOT NULL,
  `created_at` timestamp NOT NULL DEFAULT CURRENT_TIMESTAMP
) ENGINE=InnoDB DEFAULT CHARSET=utf8;

-- --------------------------------------------------------

--
-- Table structure for table `notices`
--

CREATE TABLE `notices` (
  `noticeId` int(11) NOT NULL,
  `userId` int(11) NOT NULL,
  `msg` mediumtext NOT NULL,
  `categoryId` int(11) DEFAULT NULL,
  `created_at` timestamp NOT NULL DEFAULT CURRENT_TIMESTAMP
) ENGINE=InnoDB DEFAULT CHARSET=utf8;

--
-- Dumping data for table `notices`
--

INSERT INTO `notices` (`noticeId`, `userId`, `msg`, `categoryId`, `created_at`) VALUES
(1, 2, 'Tomorrow Meeting @10 am', 3, '2018-01-24 05:33:50'),
(2, 2, 'Lunch Party Today', 3, '2018-01-27 07:19:51');

-- --------------------------------------------------------

--
-- Table structure for table `possibilities`
--

CREATE TABLE `possibilities` (
  `possibilityId` int(11) NOT NULL,
  `possibilityName` varchar(45) NOT NULL
) ENGINE=InnoDB DEFAULT CHARSET=utf8;

--
-- Dumping data for table `possibilities`
--

INSERT INTO `possibilities` (`possibilityId`, `possibilityName`) VALUES
(3, 'High'),
(1, 'Low'),
(2, 'Medium'),
(5, 'Rejected'),
(4, 'Star');

-- --------------------------------------------------------

--
-- Table structure for table `possibilitychanges`
--

CREATE TABLE `possibilitychanges` (
  `changeId` int(11) NOT NULL,
  `leadId` int(11) DEFAULT NULL,
  `userId` int(11) DEFAULT NULL,
  `created_at` timestamp NULL DEFAULT CURRENT_TIMESTAMP,
  `possibilityId` int(11) DEFAULT NULL
) ENGINE=InnoDB DEFAULT CHARSET=utf8;

--
-- Dumping data for table `possibilitychanges`
--

INSERT INTO `possibilitychanges` (`changeId`, `leadId`, `userId`, `created_at`, `possibilityId`) VALUES
(37, 8, 1, '2018-01-29 12:21:10', 3),
(38, 7, 1, '2018-01-29 12:34:51', 3),
(39, 5, 1, '2018-01-29 12:36:56', 1),
(40, 8, 1, '2018-01-29 12:40:20', 3),
(41, 7, 1, '2018-01-29 12:41:12', 3),
(42, 5, 1, '2018-01-29 12:44:29', 3),
(43, 5, 1, '2018-01-29 12:53:57', 1),
(44, 4, 2, '2018-01-30 04:13:40', 1),
(45, 7, 2, '2018-01-30 04:13:43', 1),
(46, 4, 2, '2018-01-30 05:48:24', 1),
(47, 5, 2, '2018-01-30 05:48:27', 1),
(48, 7, 2, '2018-01-30 05:48:30', 1),
(49, 8, 2, '2018-01-30 05:48:32', 3),
(50, 10, 2, '2018-01-30 05:48:36', 1),
(51, 11, 2, '2018-01-30 05:48:38', 2),
(52, 12, 2, '2018-01-30 06:40:29', 1);

-- --------------------------------------------------------

--
-- Table structure for table `teams`
--

CREATE TABLE `teams` (
  `teamId` int(11) NOT NULL,
  `teamName` varchar(50) NOT NULL
) ENGINE=InnoDB DEFAULT CHARSET=utf8;

--
-- Dumping data for table `teams`
--

INSERT INTO `teams` (`teamId`, `teamName`) VALUES
(1, 'Team 1'),
(2, 'Team 2'),
(5, 'team 3');

-- --------------------------------------------------------

--
-- Table structure for table `tests`
--

CREATE TABLE `tests` (
  `id` int(11) NOT NULL,
  `name` text NOT NULL,
  `msg` text NOT NULL
) ENGINE=InnoDB DEFAULT CHARSET=utf8;

--
-- Dumping data for table `tests`
--

INSERT INTO `tests` (`id`, `name`, `msg`) VALUES
(1, 'Miss Glenna Nikolaus Jr.', 'Dr.'),
(2, 'Stephanie Reichel', 'Mrs.'),
(3, 'Mr. Drake Medhurst DDS', 'Dr.'),
(4, 'Dr. Nick Dare PhD', 'Mrs.'),
(5, 'Camille Larkin IV', 'Ms.'),
(6, 'Harrison Swaniawski', 'Ms.'),
(7, 'Velda Rogahn', 'Dr.'),
(8, 'Prof. Jean Swift', 'Miss'),
(9, 'Brielle Gaylord DVM', 'Mrs.'),
(10, 'Prof. Karley Lang', 'Mr.'),
(11, 'Claude Kozey Sr.', 'Prof.'),
(12, 'Imogene Crona', 'Prof.'),
(13, 'Prof. Adell Morar MD', 'Dr.'),
(14, 'Braeden Jast', 'Mr.'),
(15, 'Linnie Kunde', 'Mrs.'),
(16, 'Delores Harris', 'Dr.'),
(17, 'Loma Rippin', 'Mrs.'),
(18, 'Juliet Considine', 'Prof.'),
(19, 'Darian Roob DVM', 'Prof.'),
(20, 'Adrianna Ferry', 'Mr.'),
(21, 'Cristina Quitzon', 'Mr.'),
(22, 'Milan White PhD', 'Dr.'),
(23, 'Garrett Heller', 'Mrs.'),
(24, 'Miss Lisa Swift', 'Prof.'),
(25, 'Dr. Moshe Upton DDS', 'Ms.'),
(26, 'Mrs. Rahsaan Lehner', 'Prof.'),
(27, 'Prof. Ike Gusikowski', 'Prof.'),
(28, 'Benton Leffler', 'Mrs.'),
(29, 'Moshe Gerhold II', 'Mr.'),
(30, 'Alyce Stanton', 'Prof.'),
(31, 'Jabari Veum', 'Mr.'),
(32, 'Delia Metz', 'Miss'),
(33, 'Ms. Mazie Walker', 'Prof.'),
(34, 'Bessie Ziemann', 'Prof.'),
(35, 'Amie Hessel', 'Dr.'),
(36, 'Mr. Chadrick Swift Jr.', 'Mrs.'),
(37, 'Francis Weissnat', 'Dr.'),
(38, 'Miss Shyann Pfeffer PhD', 'Prof.'),
(39, 'Aileen Hyatt', 'Prof.'),
(40, 'Reymundo Monahan', 'Mrs.'),
(41, 'Patience Zulauf', 'Dr.'),
(42, 'Freida Lueilwitz MD', 'Prof.'),
(43, 'Emilia Leffler', 'Prof.'),
(44, 'Alyce Berge', 'Dr.'),
(45, 'Carmine Glover', 'Ms.'),
(46, 'Rolando Schamberger', 'Mrs.'),
(47, 'Moshe Leuschke I', 'Dr.'),
(48, 'Ms. Stephania Johns', 'Prof.'),
(49, 'Mr. Hadley O''Conner IV', 'Prof.'),
(50, 'Mrs. Mafalda Beier', 'Dr.'),
(51, 'Mrs. Melba Schinner', 'Mr.'),
(52, 'Amber Muller', 'Mr.'),
(53, 'Adolph D''Amore', 'Miss'),
(54, 'Mia Klocko', 'Mr.'),
(55, 'Ms. Hulda Renner', 'Mrs.'),
(56, 'Mr. Dean Lehner', 'Prof.'),
(57, 'Vince Nader', 'Prof.'),
(58, 'Monte Hodkiewicz', 'Dr.'),
(59, 'Miss Summer Okuneva', 'Mr.'),
(60, 'Ashly Dach V', 'Ms.'),
(61, 'Ms. Mercedes Zulauf', 'Miss'),
(62, 'Miss Ivy Luettgen DDS', 'Miss'),
(63, 'Ms. Wava Rutherford', 'Prof.'),
(64, 'Mrs. Marlen Ortiz Sr.', 'Mr.'),
(65, 'Dr. Enrico Kuvalis PhD', 'Prof.'),
(66, 'Mrs. Adriana Beahan PhD', 'Prof.'),
(67, 'Emerald Haag', 'Mrs.'),
(68, 'Lenna Adams', 'Mr.'),
(69, 'Gabriel Gislason', 'Mrs.'),
(70, 'Sharon Reinger', 'Prof.'),
(71, 'Mrs. Leanna Quitzon', 'Mrs.'),
(72, 'Meghan Konopelski', 'Dr.'),
(73, 'Zechariah Conn', 'Prof.'),
(74, 'Maegan Cummerata', 'Miss'),
(75, 'Mrs. Eileen Stroman', 'Mrs.'),
(76, 'Jennie Gusikowski I', 'Prof.'),
(77, 'Manley Oberbrunner Jr.', 'Ms.'),
(78, 'Bernice Kemmer', 'Mr.'),
(79, 'Antonio Becker', 'Dr.'),
(80, 'Terence Flatley', 'Prof.'),
(81, 'Dr. Bette Roberts', 'Ms.'),
(82, 'Sean Bashirian', 'Prof.'),
(83, 'Mckenzie Runolfsson', 'Dr.'),
(84, 'Prof. Maria Lakin', 'Mr.'),
(85, 'Mrs. Robyn Beatty Sr.', 'Prof.'),
(86, 'Aliya Pollich I', 'Miss'),
(87, 'Ms. Anabelle Goldner', 'Dr.'),
(88, 'Jayde Ullrich', 'Prof.'),
(89, 'Brody Rolfson', 'Dr.'),
(90, 'Margarete Feest', 'Prof.'),
(91, 'Molly Yost', 'Miss'),
(92, 'Domenica VonRueden', 'Dr.'),
(93, 'Joanne Jenkins', 'Ms.'),
(94, 'Cristopher Buckridge', 'Prof.'),
(95, 'Mr. Kyle Pfeffer', 'Dr.'),
(96, 'Mr. Ben Bode V', 'Ms.'),
(97, 'Dr. Ofelia Howe', 'Mrs.'),
(98, 'Wilma Bogan', 'Prof.'),
(99, 'Mrs. Belle Ullrich', 'Ms.'),
(100, 'Cayla Gislason', 'Mr.'),
(101, 'Ms. Winnifred Howell', 'Prof.'),
(102, 'Dr. Doug Marvin', 'Miss'),
(103, 'Dr. Tessie Wisoky', 'Mr.'),
(104, 'Dr. Kennedi Sanford', 'Mr.'),
(105, 'Lilian Wyman I', 'Miss'),
(106, 'Mrs. Creola Vandervort', 'Dr.'),
(107, 'Norris Graham', 'Dr.'),
(108, 'Dr. Wilburn Zemlak III', 'Ms.'),
(109, 'Gabriel Bayer', 'Prof.'),
(110, 'Oral Langosh', 'Dr.'),
(111, 'Prof. Oswald Cruickshank III', 'Dr.'),
(112, 'Dr. Wilhelmine Lynch', 'Mr.'),
(113, 'Christina Grimes', 'Prof.'),
(114, 'Onie Kautzer', 'Mr.'),
(115, 'Prof. Adolph Braun III', 'Miss'),
(116, 'Ronaldo Mosciski', 'Miss'),
(117, 'Gabriella Kunze', 'Mrs.'),
(118, 'Geraldine Ruecker', 'Prof.'),
(119, 'Jamey Upton DDS', 'Mrs.'),
(120, 'Maxie Langworth', 'Dr.'),
(121, 'Mathilde Larson', 'Dr.'),
(122, 'Brooke Schuster', 'Dr.'),
(123, 'Freeda Price', 'Prof.'),
(124, 'Bettie Hermann I', 'Ms.'),
(125, 'Miller Bernier I', 'Prof.'),
(126, 'Molly Schulist', 'Mr.'),
(127, 'Mr. Gino Kertzmann', 'Ms.'),
(128, 'Braxton VonRueden', 'Prof.'),
(129, 'Brice Goodwin DVM', 'Dr.'),
(130, 'Afton Marks', 'Prof.'),
(131, 'Mr. Bill Brekke PhD', 'Prof.'),
(132, 'Kody Prohaska', 'Mr.'),
(133, 'Haleigh Moen', 'Dr.'),
(134, 'Luther Jast Jr.', 'Prof.'),
(135, 'Kenyatta Monahan', 'Mrs.'),
(136, 'Oral Weber II', 'Prof.'),
(137, 'Jimmie Weissnat', 'Dr.'),
(138, 'Lloyd Mante', 'Miss'),
(139, 'Leonardo Abernathy', 'Dr.'),
(140, 'Leonardo Macejkovic', 'Dr.'),
(141, 'Kory Schmidt', 'Dr.'),
(142, 'Ellie Tremblay', 'Dr.'),
(143, 'Prof. Andreane Carroll DDS', 'Ms.'),
(144, 'Abe Kiehn', 'Prof.'),
(145, 'Dell Swift', 'Mr.'),
(146, 'Claud Nader', 'Dr.'),
(147, 'Ms. Ines Davis', 'Mr.'),
(148, 'Lizzie Trantow', 'Mr.'),
(149, 'Miss Prudence Crooks III', 'Miss'),
(150, 'Nedra Donnelly', 'Prof.'),
(151, 'Tomas Pagac', 'Miss'),
(152, 'Bernard Carter IV', 'Dr.'),
(153, 'Dr. Sterling Medhurst', 'Ms.'),
(154, 'Aracely Gaylord', 'Miss'),
(155, 'Alexzander Heaney III', 'Dr.'),
(156, 'Velda Quigley', 'Prof.'),
(157, 'Miss Kylie Smith III', 'Prof.'),
(158, 'Dr. Jaren Block', 'Miss'),
(159, 'Greta Brekke', 'Mr.'),
(160, 'Barry Herzog', 'Dr.'),
(161, 'Ethan Klocko', 'Dr.'),
(162, 'Henry Collier', 'Mr.'),
(163, 'Ms. Earline Rosenbaum Sr.', 'Mr.'),
(164, 'Mikel Schroeder', 'Dr.'),
(165, 'Miss Alanis Paucek DDS', 'Dr.'),
(166, 'Ms. Felipa Robel', 'Mrs.'),
(167, 'Tierra Little', 'Prof.'),
(168, 'Jennings Stark', 'Prof.'),
(169, 'Berneice Upton', 'Mrs.'),
(170, 'Alize Gutkowski', 'Prof.'),
(171, 'Dr. Zoila Kuvalis MD', 'Dr.'),
(172, 'Terrance Bednar', 'Mr.'),
(173, 'Isai Koss', 'Mr.'),
(174, 'Ona Wolff', 'Prof.'),
(175, 'Keon Halvorson DVM', 'Prof.'),
(176, 'Annamarie Okuneva', 'Mrs.'),
(177, 'Adeline Lebsack', 'Dr.'),
(178, 'Gabriel Koss', 'Mr.'),
(179, 'Ike Hoeger Jr.', 'Mrs.'),
(180, 'Doug Wisoky II', 'Mr.'),
(181, 'Una Trantow PhD', 'Prof.'),
(182, 'Wilhelmine Champlin', 'Ms.'),
(183, 'Retta Gottlieb', 'Mrs.'),
(184, 'Kelsie Pfeffer', 'Ms.'),
(185, 'Mr. Victor Ullrich II', 'Dr.'),
(186, 'Mona McClure', 'Dr.'),
(187, 'Serena Beatty', 'Dr.'),
(188, 'Jan Upton', 'Dr.'),
(189, 'Wilhelmine Ruecker', 'Miss'),
(190, 'Hilbert Schinner', 'Miss'),
(191, 'Rubie Ward', 'Ms.'),
(192, 'Kylie Brakus', 'Mrs.'),
(193, 'Dr. Forest Considine V', 'Ms.'),
(194, 'Idella Johns DVM', 'Mr.'),
(195, 'Bertrand Kutch', 'Ms.'),
(196, 'Carmela Bayer', 'Dr.'),
(197, 'Ursula Bartell', 'Dr.'),
(198, 'Prof. Annabell Hettinger', 'Prof.'),
(199, 'Noemi Boehm', 'Mr.'),
(200, 'Kristoffer Medhurst', 'Prof.'),
(201, 'Ms. Melyna Weissnat III', 'Dr.'),
(202, 'Fay Barrows', 'Dr.'),
(203, 'Donavon Bins', 'Dr.'),
(204, 'Dedrick Hodkiewicz DDS', 'Miss'),
(205, 'Prof. Terence Runolfsdottir DVM', 'Dr.'),
(206, 'Francis Boyer', 'Mrs.'),
(207, 'Triston Wehner', 'Mr.'),
(208, 'Prof. Lorenzo Rau', 'Mr.'),
(209, 'Fabiola Willms', 'Prof.'),
(210, 'Ebba Hauck DDS', 'Prof.'),
(211, 'Makayla Bernhard', 'Dr.'),
(212, 'Ansel Herman', 'Dr.'),
(213, 'Sonny McLaughlin', 'Dr.'),
(214, 'Adeline Hudson', 'Dr.'),
(215, 'Kamille Wisozk', 'Mr.'),
(216, 'Prof. Jerrell Hand MD', 'Miss'),
(217, 'Van Farrell', 'Prof.'),
(218, 'Jesus Zboncak', 'Prof.'),
(219, 'Miss Lilliana Wehner', 'Prof.'),
(220, 'Mr. Shaun Bashirian', 'Mr.'),
(221, 'Kaelyn Davis Jr.', 'Dr.'),
(222, 'Hayden Hettinger Jr.', 'Prof.'),
(223, 'Xander Dicki', 'Dr.'),
(224, 'Merle Jakubowski', 'Dr.'),
(225, 'Mr. Jeff Dooley Sr.', 'Dr.'),
(226, 'Miss Claudie Wunsch', 'Dr.'),
(227, 'Vernie Kunze II', 'Miss'),
(228, 'Katlynn Stiedemann', 'Mrs.'),
(229, 'Dr. Opal Nienow PhD', 'Ms.'),
(230, 'Burley Denesik', 'Prof.'),
(231, 'Ms. Maia Hoppe', 'Prof.'),
(232, 'Freeda Carter', 'Dr.'),
(233, 'Mylene Shields', 'Mrs.'),
(234, 'Emilie Gleason', 'Prof.'),
(235, 'Clare Leannon', 'Prof.'),
(236, 'Emmet Stoltenberg', 'Mrs.'),
(237, 'Isaiah Kassulke I', 'Prof.'),
(238, 'Ms. Yesenia Wolff PhD', 'Dr.'),
(239, 'Lorna Bahringer', 'Prof.'),
(240, 'Toy Wolf', 'Mr.'),
(241, 'Eliza Wehner', 'Mr.'),
(242, 'Paula Hane', 'Miss'),
(243, 'Prof. River Parisian Sr.', 'Mrs.'),
(244, 'Hillary Gerhold', 'Dr.'),
(245, 'Aniya Greenfelder', 'Dr.'),
(246, 'Prof. Hyman Jacobson', 'Prof.'),
(247, 'Ms. Molly Glover I', 'Dr.'),
(248, 'Colt Little V', 'Prof.'),
(249, 'Brenna Gleason', 'Ms.'),
(250, 'Felix Rosenbaum', 'Prof.'),
(251, 'Dr. Rocky Little DVM', 'Prof.'),
(252, 'Lelia Corkery', 'Miss'),
(253, 'Ms. Albertha Gislason', 'Mr.'),
(254, 'Dr. Albin Becker IV', 'Mr.'),
(255, 'Dr. Peyton Schumm DVM', 'Miss'),
(256, 'Mrs. Margaretta Nicolas MD', 'Mr.'),
(257, 'Jodie Pouros', 'Prof.'),
(258, 'Aliyah Bernier', 'Dr.'),
(259, 'General Lynch', 'Prof.'),
(260, 'Emily Daugherty', 'Miss'),
(261, 'Idell Murray', 'Mrs.'),
(262, 'Presley Schumm III', 'Mr.'),
(263, 'Gregoria Kreiger', 'Miss'),
(264, 'Bertram Rohan', 'Dr.'),
(265, 'Ernestine Green II', 'Mr.'),
(266, 'Judy Mueller', 'Prof.'),
(267, 'Obie Zulauf Jr.', 'Ms.'),
(268, 'Prof. Destini Kulas II', 'Mrs.'),
(269, 'Alejandrin Berge DDS', 'Mr.'),
(270, 'Amos Hirthe', 'Dr.'),
(271, 'Lydia Nolan', 'Prof.'),
(272, 'Alta Gleichner', 'Prof.'),
(273, 'Flossie O''Hara', 'Miss'),
(274, 'Elwin Aufderhar', 'Dr.'),
(275, 'Cletus Donnelly', 'Mrs.'),
(276, 'Prof. Humberto Muller', 'Dr.'),
(277, 'Alexandre McLaughlin', 'Miss'),
(278, 'Raegan Spinka', 'Prof.'),
(279, 'Makayla Abshire', 'Prof.'),
(280, 'Rae Gerhold Sr.', 'Miss'),
(281, 'Kurtis Tillman', 'Prof.'),
(282, 'Baron Heidenreich PhD', 'Prof.'),
(283, 'Ms. Madaline Watsica', 'Ms.'),
(284, 'Prof. Delpha Schuster', 'Miss'),
(285, 'Rossie Barrows', 'Miss'),
(286, 'Zula Hand', 'Prof.'),
(287, 'Gina Marquardt I', 'Miss'),
(288, 'Prof. Kylie Terry', 'Miss'),
(289, 'Macey Hayes', 'Mrs.'),
(290, 'Erling Kshlerin', 'Prof.'),
(291, 'Kade Block', 'Mrs.'),
(292, 'Hayley Morissette', 'Miss'),
(293, 'Dr. Hyman Walsh PhD', 'Prof.'),
(294, 'Kim Hegmann', 'Prof.'),
(295, 'Mrs. Aileen Howell', 'Prof.'),
(296, 'Drake Heathcote', 'Mrs.'),
(297, 'Adeline Kutch Sr.', 'Dr.'),
(298, 'Mr. Christophe Huel Sr.', 'Dr.'),
(299, 'Martin Ward', 'Dr.'),
(300, 'Frances Hagenes', 'Mrs.'),
(301, 'Travon McLaughlin Jr.', 'Ms.'),
(302, 'Brain Kertzmann', 'Prof.'),
(303, 'Isaiah King', 'Dr.'),
(304, 'Kale Cummerata PhD', 'Mr.'),
(305, 'Mr. Brandt Stamm IV', 'Prof.'),
(306, 'Ernest Witting', 'Dr.'),
(307, 'Miss Naomie O''Reilly', 'Dr.'),
(308, 'Ms. Billie Anderson MD', 'Dr.'),
(309, 'Kay McDermott Sr.', 'Dr.'),
(310, 'Ervin Jacobs', 'Mrs.'),
(311, 'Oliver Balistreri', 'Prof.'),
(312, 'Mrs. Noemy Gusikowski', 'Miss'),
(313, 'Dr. Jade Becker V', 'Miss'),
(314, 'Marilyne Funk', 'Prof.'),
(315, 'Dena Leannon Sr.', 'Prof.'),
(316, 'Silas Sanford', 'Mr.'),
(317, 'Ulises Weissnat', 'Prof.'),
(318, 'Miss Aletha Ebert', 'Mrs.'),
(319, 'Lori Rogahn', 'Ms.'),
(320, 'Dr. Jeanne Ondricka Sr.', 'Mrs.'),
(321, 'Magnus Lynch', 'Mr.'),
(322, 'Dominic Rogahn', 'Ms.'),
(323, 'Eryn Schuster', 'Prof.'),
(324, 'Felicia Donnelly', 'Miss'),
(325, 'Celestino Shanahan', 'Miss'),
(326, 'Maud Krajcik', 'Ms.'),
(327, 'Josianne Stokes', 'Mr.'),
(328, 'Darrion Rodriguez', 'Ms.'),
(329, 'Prof. Darrin Schimmel', 'Ms.'),
(330, 'Freeda Schaefer IV', 'Prof.'),
(331, 'Prof. Edwina McLaughlin', 'Mr.'),
(332, 'Elmer Hilll', 'Mr.'),
(333, 'Christelle Ebert', 'Miss'),
(334, 'Irma Rogahn PhD', 'Prof.'),
(335, 'Deangelo Jaskolski', 'Prof.'),
(336, 'Norval Johnston', 'Prof.'),
(337, 'Jorge Mueller MD', 'Mrs.'),
(338, 'Dr. Isaac Schroeder', 'Ms.'),
(339, 'Lyla Jast', 'Dr.'),
(340, 'Ernestina Friesen', 'Dr.'),
(341, 'Dr. Saige McKenzie', 'Mr.'),
(342, 'Mrs. Fay Harris', 'Mr.'),
(343, 'Mrs. Etha Raynor DVM', 'Mrs.'),
(344, 'Missouri Sawayn DVM', 'Mr.'),
(345, 'Mr. Schuyler Spinka', 'Mrs.'),
(346, 'Ms. Joana Ullrich', 'Prof.'),
(347, 'Holden Ebert I', 'Prof.'),
(348, 'Elvis Cronin', 'Prof.'),
(349, 'Murray Gusikowski', 'Prof.'),
(350, 'Norwood Orn', 'Dr.'),
(351, 'Prof. Luciano Crooks', 'Mr.'),
(352, 'Edythe Willms', 'Prof.'),
(353, 'Prof. Merlin Ortiz', 'Dr.'),
(354, 'Wiley Luettgen', 'Miss'),
(355, 'Wayne Kshlerin', 'Mr.'),
(356, 'Ms. Evie Brekke Jr.', 'Prof.'),
(357, 'Sid Farrell', 'Dr.'),
(358, 'Mackenzie Borer V', 'Dr.'),
(359, 'Hope Abshire', 'Mr.'),
(360, 'Prof. Marshall Lockman', 'Dr.'),
(361, 'Marcelle D''Amore', 'Dr.'),
(362, 'Athena Haley', 'Prof.'),
(363, 'Emmalee Thiel', 'Ms.'),
(364, 'Ozella Grady II', 'Prof.'),
(365, 'Mr. Wilhelm Bernhard', 'Dr.'),
(366, 'Mr. Jan Hayes III', 'Mr.'),
(367, 'Trever Murray', 'Dr.'),
(368, 'Dixie Hintz V', 'Dr.'),
(369, 'Darrel Bahringer Jr.', 'Mr.'),
(370, 'Prof. Meda Bednar MD', 'Dr.'),
(371, 'Aimee Connelly DDS', 'Prof.'),
(372, 'Gerardo Jacobson', 'Mr.'),
(373, 'Dr. Jensen Cummerata', 'Dr.'),
(374, 'Bernice Kozey', 'Prof.'),
(375, 'Favian Medhurst III', 'Ms.'),
(376, 'Ms. Alice Lueilwitz Jr.', 'Dr.'),
(377, 'Candelario Howe II', 'Miss'),
(378, 'Prof. Guido Prosacco', 'Prof.'),
(379, 'Shanel Grady', 'Dr.'),
(380, 'Ramiro Kemmer', 'Prof.'),
(381, 'Birdie Rutherford', 'Mr.'),
(382, 'Thad Maggio', 'Prof.'),
(383, 'Ms. Maud Pouros', 'Prof.'),
(384, 'Fritz Wyman', 'Prof.'),
(385, 'Anastasia Weber', 'Prof.'),
(386, 'Mariane Douglas', 'Prof.'),
(387, 'Mr. Jack Shanahan', 'Prof.'),
(388, 'Madisen Braun', 'Mr.'),
(389, 'Eldred Cassin II', 'Dr.'),
(390, 'Giovani Schoen', 'Mr.'),
(391, 'Brady Grant', 'Prof.'),
(392, 'Dr. Shaina Haag MD', 'Prof.'),
(393, 'Yoshiko Dietrich', 'Miss'),
(394, 'Prof. Macey Eichmann', 'Prof.'),
(395, 'Tanner Pollich V', 'Dr.'),
(396, 'Ms. Cathy Bogan DDS', 'Prof.'),
(397, 'Ms. Mireille Mitchell', 'Prof.'),
(398, 'Peggie Braun', 'Prof.'),
(399, 'Arthur Emard', 'Prof.'),
(400, 'Edwin Shanahan', 'Mr.'),
(401, 'Prof. Flossie Rau Jr.', 'Mr.'),
(402, 'Dr. Adeline O''Connell IV', 'Prof.'),
(403, 'Althea Turcotte III', 'Prof.'),
(404, 'Dr. Nels Pagac', 'Miss'),
(405, 'Prof. Euna Rosenbaum III', 'Prof.'),
(406, 'Claudia Osinski', 'Ms.'),
(407, 'Desmond Runolfsson', 'Prof.'),
(408, 'Florian Anderson V', 'Dr.'),
(409, 'Guiseppe Larkin', 'Prof.'),
(410, 'Mr. Benedict Huel I', 'Ms.'),
(411, 'Arjun Walsh', 'Prof.'),
(412, 'Mr. Odell Steuber II', 'Mr.'),
(413, 'Jeanie Schuster MD', 'Prof.'),
(414, 'Deonte McClure Jr.', 'Mr.'),
(415, 'Chadrick Effertz V', 'Prof.'),
(416, 'Dr. Maryam Mertz II', 'Prof.'),
(417, 'Verner Will', 'Dr.'),
(418, 'Yasmine Ritchie', 'Prof.'),
(419, 'Marlene Lesch', 'Prof.'),
(420, 'Prof. Brenden Miller III', 'Dr.'),
(421, 'Julianne Reilly', 'Dr.'),
(422, 'Edyth Volkman', 'Mrs.'),
(423, 'Zion Cremin MD', 'Mr.'),
(424, 'Cindy Kutch', 'Miss'),
(425, 'Vincent Glover V', 'Prof.'),
(426, 'Prof. Lou Schmidt DDS', 'Prof.'),
(427, 'Boris Kessler', 'Prof.'),
(428, 'Miss Kaelyn Mayer', 'Ms.'),
(429, 'Arnoldo Upton', 'Mr.'),
(430, 'Mohammad Fisher', 'Mrs.'),
(431, 'Osbaldo Kutch', 'Prof.'),
(432, 'Prof. Kamryn McKenzie', 'Miss'),
(433, 'Mrs. Elenora Adams', 'Prof.'),
(434, 'Neal McLaughlin', 'Prof.'),
(435, 'Carey Shields', 'Miss'),
(436, 'Gay Bauch', 'Prof.'),
(437, 'Natalie Spencer', 'Mr.'),
(438, 'Afton Wunsch', 'Prof.'),
(439, 'Dr. Verlie Terry', 'Mrs.'),
(440, 'Miller Metz', 'Mr.'),
(441, 'Keyshawn Carter', 'Prof.'),
(442, 'Martin Johnston DVM', 'Mrs.'),
(443, 'Rahsaan Koch', 'Prof.'),
(444, 'Jenifer Roberts', 'Mr.'),
(445, 'Diana Boyle', 'Prof.'),
(446, 'Kole Murazik', 'Dr.'),
(447, 'Prof. Marco Kuvalis DVM', 'Dr.'),
(448, 'Rocio Marks', 'Dr.'),
(449, 'Mr. Eladio Will V', 'Dr.'),
(450, 'Miss Kariane Botsford', 'Prof.'),
(451, 'Lisa Abernathy', 'Ms.'),
(452, 'Luis Mitchell', 'Mr.'),
(453, 'Sydnee Maggio', 'Prof.'),
(454, 'Mrs. Addie Kihn', 'Mrs.'),
(455, 'Roman Kunze V', 'Dr.'),
(456, 'Lionel Heathcote', 'Miss'),
(457, 'Prof. Lindsay Ernser', 'Mrs.'),
(458, 'Emmalee Skiles V', 'Mr.'),
(459, 'Ms. Joy Thiel V', 'Mr.'),
(460, 'Mr. Valentin Koch', 'Prof.'),
(461, 'Abigail McDermott', 'Mrs.'),
(462, 'Mario Feest', 'Dr.'),
(463, 'Ephraim Baumbach', 'Dr.'),
(464, 'Ola Jenkins', 'Mrs.'),
(465, 'Carolyn Williamson', 'Dr.'),
(466, 'Ronaldo Bahringer', 'Prof.'),
(467, 'Karen Rosenbaum', 'Prof.'),
(468, 'Ronny Beahan', 'Prof.'),
(469, 'Mr. Clair Carroll IV', 'Prof.'),
(470, 'Cheyanne Ritchie', 'Dr.'),
(471, 'Vivianne Olson', 'Mr.'),
(472, 'Carmella Heaney PhD', 'Prof.'),
(473, 'Abdul Davis', 'Dr.'),
(474, 'Paige Gulgowski', 'Dr.'),
(475, 'Mauricio Kautzer', 'Prof.'),
(476, 'Mrs. Katarina Medhurst Sr.', 'Mrs.'),
(477, 'Ludie Cormier MD', 'Dr.'),
(478, 'Fabiola Reynolds', 'Prof.'),
(479, 'Miss Victoria Jacobi III', 'Mrs.'),
(480, 'Roma Rippin III', 'Dr.'),
(481, 'Edyth Marks', 'Dr.'),
(482, 'Einar Cruickshank', 'Mr.'),
(483, 'Ewald Rutherford', 'Mrs.'),
(484, 'Raquel Bailey', 'Dr.'),
(485, 'Lilian Pagac', 'Prof.'),
(486, 'Sophie Pollich', 'Mr.'),
(487, 'Jessy Steuber', 'Prof.'),
(488, 'Camille Labadie', 'Prof.'),
(489, 'Prof. Morris Moore I', 'Mr.'),
(490, 'Maximus Stehr', 'Dr.'),
(491, 'Oleta Stamm DDS', 'Dr.'),
(492, 'Monroe Schroeder', 'Miss'),
(493, 'Dino Stehr', 'Mrs.'),
(494, 'Russell Little', 'Prof.'),
(495, 'Princess Metz', 'Mr.'),
(496, 'Dr. Margret Considine', 'Mr.'),
(497, 'Dr. Clifford Pollich', 'Prof.'),
(498, 'Viviane Schuppe', 'Prof.'),
(499, 'Benny Kshlerin Jr.', 'Mr.'),
(500, 'Kristofer Schmitt Sr.', 'Dr.'),
(501, 'Mariela Mosciski', 'Mrs.'),
(502, 'Dr. Kiera Larson', 'Miss'),
(503, 'Prof. Brooks Altenwerth', 'Dr.'),
(504, 'Miss Carolyne Becker II', 'Prof.'),
(505, 'Melvina Vandervort', 'Ms.'),
(506, 'Wilma Daniel', 'Prof.'),
(507, 'Jaylan Fadel', 'Ms.'),
(508, 'Cecil Haley', 'Dr.'),
(509, 'Rowan Vandervort', 'Miss'),
(510, 'Scot West', 'Dr.'),
(511, 'Makenzie Casper', 'Dr.'),
(512, 'Lesley Emmerich', 'Prof.'),
(513, 'Sarah Schinner', 'Dr.'),
(514, 'William Hand Sr.', 'Prof.'),
(515, 'Lisandro Bartell', 'Prof.'),
(516, 'Prof. Karina Denesik MD', 'Prof.'),
(517, 'Alexandro Hammes', 'Miss'),
(518, 'Stefan D''Amore', 'Miss'),
(519, 'Elvera Howe', 'Prof.'),
(520, 'Melvina Lind', 'Dr.'),
(521, 'Dr. Jamie Stanton III', 'Mr.'),
(522, 'Henry Harris', 'Ms.'),
(523, 'Marshall Toy', 'Prof.'),
(524, 'Joyce Bechtelar', 'Mr.'),
(525, 'Zackary Hudson', 'Ms.'),
(526, 'Jerrell Sanford', 'Dr.'),
(527, 'Annamarie Durgan', 'Prof.'),
(528, 'Viola Beatty', 'Mrs.'),
(529, 'Pierce Johnston', 'Mrs.'),
(530, 'Jillian Wisozk', 'Dr.'),
(531, 'Jaron Bashirian III', 'Ms.'),
(532, 'Zetta Greenholt', 'Ms.'),
(533, 'Penelope Morar DVM', 'Ms.'),
(534, 'Mose Wolff PhD', 'Dr.'),
(535, 'Prof. Leatha Jacobi PhD', 'Dr.'),
(536, 'Sallie Murphy', 'Prof.'),
(537, 'Toy Zboncak', 'Prof.'),
(538, 'Ms. Tyra Kunze', 'Prof.'),
(539, 'Ericka Schamberger MD', 'Dr.'),
(540, 'Judah Kohler DDS', 'Dr.'),
(541, 'Prof. Geovanni Streich III', 'Prof.'),
(542, 'Jermey Beatty', 'Dr.'),
(543, 'Prof. Kole Kuhn', 'Mrs.'),
(544, 'Alexys Oberbrunner', 'Prof.'),
(545, 'Patricia Feest III', 'Mrs.'),
(546, 'Tyra Macejkovic', 'Dr.'),
(547, 'Eugenia Haley', 'Ms.'),
(548, 'Demarcus Schiller', 'Mrs.'),
(549, 'Prof. Hilma Cremin MD', 'Prof.'),
(550, 'River Zemlak', 'Mrs.'),
(551, 'Mrs. Maida Steuber Sr.', 'Prof.'),
(552, 'Sarina Wolf', 'Prof.'),
(553, 'Kristina Lakin', 'Mrs.'),
(554, 'Dr. Gay Rice MD', 'Ms.'),
(555, 'Zita Howe', 'Dr.'),
(556, 'Halle Johnston PhD', 'Mr.'),
(557, 'Prof. Christ Zieme MD', 'Prof.'),
(558, 'Kevin Gerlach', 'Miss'),
(559, 'Prof. Caleb Rodriguez DDS', 'Ms.'),
(560, 'Ms. Laney Boyer', 'Prof.'),
(561, 'Prof. Marian Strosin Jr.', 'Prof.'),
(562, 'Marian Goodwin', 'Prof.'),
(563, 'Norval Wyman', 'Prof.'),
(564, 'Pierce Pouros DDS', 'Miss'),
(565, 'Velma Moen', 'Mr.'),
(566, 'Lisette Dietrich V', 'Prof.'),
(567, 'Litzy Bartoletti', 'Prof.'),
(568, 'Madelynn Strosin MD', 'Prof.'),
(569, 'Sandy Bauch', 'Dr.'),
(570, 'Arnulfo Jacobs', 'Mrs.'),
(571, 'Morton Zieme I', 'Dr.'),
(572, 'Jada Carroll', 'Prof.'),
(573, 'Tierra Toy', 'Dr.'),
(574, 'Sam Runolfsson', 'Ms.'),
(575, 'Mohammad Murazik', 'Mr.'),
(576, 'Leopold Schiller', 'Prof.'),
(577, 'Branson Bruen', 'Miss'),
(578, 'Prof. Danika Kassulke', 'Prof.'),
(579, 'Serenity Wolff', 'Mr.'),
(580, 'Prof. Cortez Gulgowski Sr.', 'Dr.'),
(581, 'Stephania Zulauf', 'Mr.'),
(582, 'Bradly Moore', 'Dr.'),
(583, 'Cale Lang', 'Dr.'),
(584, 'Tanya Hessel', 'Prof.'),
(585, 'Don Turner', 'Ms.'),
(586, 'Alysha Bartoletti', 'Miss'),
(587, 'Preston Kertzmann', 'Mrs.'),
(588, 'Samir Feest', 'Ms.'),
(589, 'Prof. Santiago Johnston IV', 'Dr.'),
(590, 'Prof. Harmon Auer', 'Mrs.'),
(591, 'Dr. Roberta Koelpin', 'Miss'),
(592, 'Mr. Arno Kerluke', 'Prof.'),
(593, 'Mrs. Joyce Prohaska Sr.', 'Ms.'),
(594, 'Annamarie Crooks', 'Mr.'),
(595, 'Carolina Douglas', 'Dr.'),
(596, 'Flavio Strosin', 'Dr.'),
(597, 'Dario Brakus', 'Dr.'),
(598, 'Ms. Stefanie Lindgren I', 'Dr.'),
(599, 'Harvey Gleason', 'Ms.'),
(600, 'Constantin Torphy', 'Dr.'),
(601, 'Martine Fay', 'Mr.'),
(602, 'Alessandra Labadie II', 'Dr.'),
(603, 'Prof. Litzy Doyle', 'Mrs.'),
(604, 'Marcelina Douglas', 'Prof.'),
(605, 'Ike Glover DVM', 'Prof.'),
(606, 'Dr. Joe Blick Sr.', 'Mr.'),
(607, 'Dr. Kaela Carter', 'Dr.'),
(608, 'Anastasia Pacocha', 'Mr.'),
(609, 'Damon Von Jr.', 'Prof.'),
(610, 'Larue Sauer', 'Prof.'),
(611, 'Rocky Bahringer DDS', 'Ms.'),
(612, 'Angelita Effertz', 'Mr.'),
(613, 'Jennyfer Wolff', 'Mrs.'),
(614, 'Kadin O''Reilly', 'Prof.'),
(615, 'Elton Adams', 'Mrs.'),
(616, 'Raina Wiza', 'Ms.'),
(617, 'Darius Herzog', 'Mr.'),
(618, 'Mable Frami', 'Dr.'),
(619, 'Ike Jacobs Sr.', 'Miss'),
(620, 'Flossie Towne', 'Dr.'),
(621, 'Godfrey Gerhold Sr.', 'Prof.'),
(622, 'Caleb Runolfsdottir PhD', 'Dr.'),
(623, 'Mr. Linwood Orn', 'Dr.'),
(624, 'Carlotta Champlin', 'Ms.'),
(625, 'Mrs. Gertrude Abernathy', 'Mrs.'),
(626, 'Jensen Nienow', 'Prof.'),
(627, 'Marlon Kertzmann', 'Dr.'),
(628, 'Vern Brekke', 'Dr.'),
(629, 'Maximus Leffler', 'Mr.'),
(630, 'Tommie Schaden Jr.', 'Miss'),
(631, 'Dr. Lafayette Ryan IV', 'Dr.'),
(632, 'Trinity Welch Jr.', 'Dr.'),
(633, 'Ms. Cheyanne Stark', 'Ms.'),
(634, 'Prof. Brielle Nienow', 'Prof.'),
(635, 'Novella Cummings', 'Dr.'),
(636, 'Raphaelle Kassulke', 'Mr.'),
(637, 'Lucious Bogan Jr.', 'Mr.'),
(638, 'Miss Amely Hoeger', 'Mr.'),
(639, 'Estrella Schmidt', 'Ms.'),
(640, 'Tremayne Deckow', 'Miss'),
(641, 'Prof. Micaela Kilback', 'Prof.'),
(642, 'Eva Becker', 'Miss'),
(643, 'Dr. Sylvia Beier DDS', 'Dr.'),
(644, 'Pierce Stokes', 'Prof.'),
(645, 'Dr. Kira Schulist DVM', 'Dr.'),
(646, 'Prof. Keshawn Stokes V', 'Prof.'),
(647, 'Dr. Charley Kuhlman I', 'Mrs.'),
(648, 'Dr. Deja Price', 'Dr.'),
(649, 'Clair Crona', 'Mrs.'),
(650, 'Wyatt Hayes', 'Miss'),
(651, 'Leonard Prohaska', 'Mrs.'),
(652, 'Claud Macejkovic', 'Mr.'),
(653, 'Earlene Pacocha Jr.', 'Dr.'),
(654, 'Logan Torphy I', 'Prof.'),
(655, 'Prof. Woodrow Runolfsson', 'Dr.'),
(656, 'Benny Moore', 'Dr.'),
(657, 'Juliana Kessler', 'Miss'),
(658, 'Dr. Keegan Muller DDS', 'Dr.'),
(659, 'Mrs. Corene Stamm III', 'Ms.'),
(660, 'Prof. Margret Keebler Sr.', 'Dr.'),
(661, 'Dr. Sophia Torp I', 'Mrs.'),
(662, 'Prof. Clint Corkery', 'Prof.'),
(663, 'Mr. Conor Swift DDS', 'Dr.'),
(664, 'Geovanni Daugherty', 'Dr.'),
(665, 'Virginia Labadie I', 'Prof.'),
(666, 'Mrs. Cindy Hudson II', 'Mrs.'),
(667, 'Kurtis Morissette', 'Dr.'),
(668, 'Thea Ernser', 'Prof.'),
(669, 'Nedra Christiansen III', 'Mrs.'),
(670, 'Dewitt Abshire', 'Dr.'),
(671, 'Era Crooks', 'Prof.'),
(672, 'Rico Prohaska DVM', 'Prof.'),
(673, 'Melissa Cronin', 'Ms.'),
(674, 'Ms. Kristin Robel', 'Dr.'),
(675, 'Carmine Blanda', 'Dr.'),
(676, 'Miss Helena Feeney', 'Dr.'),
(677, 'Mr. Jeffery Gusikowski', 'Mr.'),
(678, 'Breana Gislason', 'Mrs.'),
(679, 'Kale Bruen', 'Prof.'),
(680, 'Colten Collins', 'Mrs.'),
(681, 'Kristy Christiansen', 'Mr.'),
(682, 'Yesenia Schinner I', 'Dr.'),
(683, 'Aurelia Hand', 'Miss'),
(684, 'Oleta Bruen', 'Mr.'),
(685, 'Mrs. Hassie Dickens III', 'Prof.'),
(686, 'Linnea Pfeffer', 'Prof.'),
(687, 'Willis Hermann', 'Miss'),
(688, 'Khalid Wilkinson', 'Ms.'),
(689, 'Vicente Deckow MD', 'Prof.'),
(690, 'Mr. Micah Block DVM', 'Mrs.'),
(691, 'Xander West', 'Mrs.'),
(692, 'Mrs. Sophia Will DDS', 'Mrs.'),
(693, 'Edyth Weber Sr.', 'Dr.'),
(694, 'Alivia Waters DDS', 'Prof.'),
(695, 'Dr. Wayne Bogan I', 'Dr.'),
(696, 'Zoie Cartwright IV', 'Dr.'),
(697, 'Mr. Hiram Blick DDS', 'Mr.'),
(698, 'Jaylin Haley IV', 'Prof.'),
(699, 'Cheyenne Schamberger DVM', 'Prof.'),
(700, 'Delmer Crist', 'Miss'),
(701, 'Mr. Fredrick Rath', 'Dr.'),
(702, 'Meredith Gislason', 'Prof.'),
(703, 'Eugene Maggio III', 'Dr.'),
(704, 'Daija Welch', 'Mr.'),
(705, 'Mrs. Kelsie Cummings', 'Mrs.'),
(706, 'Madisen Turner', 'Dr.'),
(707, 'Erick Heidenreich Sr.', 'Prof.'),
(708, 'Eleazar Schulist IV', 'Dr.'),
(709, 'Nona Glover III', 'Prof.'),
(710, 'Lola Ferry', 'Dr.'),
(711, 'Ashly Langosh', 'Mrs.'),
(712, 'Petra Jerde', 'Prof.'),
(713, 'Edwina Marvin', 'Mr.'),
(714, 'Rickey Russel III', 'Prof.'),
(715, 'Dr. Ora Bradtke', 'Dr.'),
(716, 'Amely Beer', 'Dr.'),
(717, 'Sammy Murazik', 'Prof.'),
(718, 'Rupert Nader V', 'Prof.'),
(719, 'Elenor Feil', 'Dr.'),
(720, 'Clara Cruickshank', 'Mr.'),
(721, 'Julien Hirthe', 'Dr.'),
(722, 'Chasity Kunze', 'Prof.'),
(723, 'Faustino Lynch', 'Mrs.'),
(724, 'Freeda Jaskolski', 'Prof.'),
(725, 'Brayan Jones', 'Mrs.'),
(726, 'Madeline McClure', 'Miss'),
(727, 'Anabel Osinski', 'Mr.'),
(728, 'Jarod Schmeler', 'Mr.'),
(729, 'Celestino Spinka', 'Prof.'),
(730, 'Mr. Augustus Nikolaus DVM', 'Mrs.'),
(731, 'Josephine Blanda', 'Prof.'),
(732, 'Elinor Cronin', 'Prof.'),
(733, 'Mabelle Roberts', 'Ms.'),
(734, 'Prof. Jerry Wisoky', 'Dr.'),
(735, 'Josephine Murazik', 'Mr.'),
(736, 'Ms. Ofelia Cartwright', 'Mr.'),
(737, 'Dr. Emmett Kulas', 'Dr.'),
(738, 'Mr. Harold Spencer II', 'Miss'),
(739, 'Aurore Ruecker', 'Prof.'),
(740, 'Cassie Cremin', 'Mr.'),
(741, 'Dayton Hermann', 'Prof.'),
(742, 'Dr. Giovanni Hagenes Sr.', 'Prof.'),
(743, 'Jeromy Olson', 'Mr.'),
(744, 'Ezequiel Douglas', 'Mr.'),
(745, 'Dr. Delmer Bins MD', 'Mrs.'),
(746, 'Barry Fisher', 'Dr.'),
(747, 'Estel Runolfsdottir', 'Miss'),
(748, 'Mr. Louisa Lang IV', 'Ms.'),
(749, 'Bette Cassin V', 'Prof.'),
(750, 'Brionna Osinski', 'Prof.'),
(751, 'Mrs. Ressie West', 'Ms.'),
(752, 'Bradford Fay', 'Prof.'),
(753, 'Dr. Valentin Hamill', 'Prof.'),
(754, 'Cecilia Daniel', 'Dr.'),
(755, 'Eulah Gutkowski', 'Prof.'),
(756, 'Tanner Schimmel', 'Prof.'),
(757, 'Saul Ledner', 'Prof.'),
(758, 'Miss Norma Kuhic', 'Prof.'),
(759, 'Gertrude Waters', 'Dr.'),
(760, 'Rosamond Labadie Sr.', 'Dr.'),
(761, 'Jovany Hermiston', 'Miss'),
(762, 'Onie Schamberger', 'Mr.'),
(763, 'Dr. Joana Kilback', 'Mrs.'),
(764, 'Cornelius Quigley DDS', 'Miss'),
(765, 'Kennedy Krajcik', 'Dr.'),
(766, 'Connor Sporer IV', 'Mrs.'),
(767, 'Prof. Bertrand Schulist', 'Mr.'),
(768, 'Prof. Ellis King', 'Prof.'),
(769, 'Ava Schuster', 'Ms.'),
(770, 'Flavie McKenzie', 'Prof.'),
(771, 'Kirstin Dach', 'Prof.'),
(772, 'Cristian Leffler', 'Mr.'),
(773, 'Trever Carroll', 'Dr.'),
(774, 'Tatyana Grady', 'Dr.'),
(775, 'Jacynthe Feest', 'Miss'),
(776, 'Brianne Hilll Sr.', 'Dr.'),
(777, 'Roberta Hansen', 'Prof.'),
(778, 'Mary Zemlak', 'Miss'),
(779, 'Ms. Mellie Kihn', 'Dr.'),
(780, 'Kristoffer Koepp', 'Miss'),
(781, 'Lonie Schulist', 'Prof.'),
(782, 'Lilliana Renner', 'Mrs.'),
(783, 'Eduardo Morissette', 'Mrs.'),
(784, 'Cassie Cronin', 'Prof.'),
(785, 'Orie Erdman II', 'Prof.'),
(786, 'Ms. Marielle Ledner IV', 'Mrs.'),
(787, 'Erwin Thompson', 'Mr.'),
(788, 'Ms. Yadira Bosco', 'Mrs.'),
(789, 'Palma Pfeffer', 'Miss'),
(790, 'Mina Gorczany', 'Dr.'),
(791, 'Sydney Quitzon', 'Prof.'),
(792, 'Ms. Lois Hartmann', 'Prof.'),
(793, 'Salma Rohan', 'Ms.'),
(794, 'Prof. Taylor Rodriguez IV', 'Dr.'),
(795, 'Jordane Larkin', 'Mr.'),
(796, 'Andre Barton', 'Prof.'),
(797, 'Bret Ondricka PhD', 'Prof.'),
(798, 'Russel Homenick', 'Mr.'),
(799, 'Arnold Stehr', 'Prof.'),
(800, 'Bertha Bins', 'Mrs.'),
(801, 'Liliana Kling', 'Prof.'),
(802, 'Prof. Esperanza Cole', 'Miss'),
(803, 'Mr. Caden Bergnaum', 'Prof.'),
(804, 'Vivien Becker', 'Dr.'),
(805, 'Ike Windler', 'Miss'),
(806, 'Addison Welch', 'Mr.'),
(807, 'Cheyanne Lind', 'Prof.'),
(808, 'Sigurd Ratke II', 'Prof.'),
(809, 'Mrs. Violet Hoeger II', 'Mr.'),
(810, 'Israel Heathcote', 'Dr.'),
(811, 'Hilario Wehner', 'Prof.'),
(812, 'Kara Howell IV', 'Prof.'),
(813, 'Juana Von', 'Miss'),
(814, 'Palma Ebert Sr.', 'Dr.'),
(815, 'Marlene Lueilwitz', 'Dr.'),
(816, 'Emmalee Cormier', 'Dr.'),
(817, 'Ms. Sophia Lynch PhD', 'Prof.'),
(818, 'Prof. Lee Cormier', 'Mr.'),
(819, 'Reymundo Krajcik', 'Mr.'),
(820, 'Stella McClure III', 'Dr.'),
(821, 'Jack Breitenberg Sr.', 'Dr.'),
(822, 'Rey Champlin', 'Prof.'),
(823, 'Ms. Amya Collins', 'Ms.'),
(824, 'Prof. Ora Bogan', 'Dr.'),
(825, 'Prof. Kelsi Reinger II', 'Mrs.'),
(826, 'Nickolas Ward III', 'Dr.'),
(827, 'Miss Elise Wintheiser', 'Dr.'),
(828, 'Sylvester Kozey', 'Prof.'),
(829, 'Eleonore Effertz', 'Dr.'),
(830, 'Mr. Deonte Feil Jr.', 'Mr.'),
(831, 'Chelsie Gutmann MD', 'Ms.'),
(832, 'Charity Parisian', 'Dr.'),
(833, 'Prof. Anthony Tremblay DVM', 'Dr.'),
(834, 'Lavern Bergnaum', 'Mr.'),
(835, 'Bridget Johns', 'Prof.'),
(836, 'Keven Bailey', 'Mrs.'),
(837, 'Mrs. Kristy Swift IV', 'Miss'),
(838, 'Guillermo Hane', 'Mrs.'),
(839, 'Skyla Marks', 'Dr.'),
(840, 'Arvilla Miller', 'Prof.'),
(841, 'Rose Sawayn', 'Dr.'),
(842, 'Damien Waelchi DVM', 'Ms.'),
(843, 'Monique Ortiz', 'Dr.'),
(844, 'Prof. Jaqueline Homenick IV', 'Ms.'),
(845, 'Dr. Maryse Ryan DVM', 'Mr.'),
(846, 'Miss Estell Stark', 'Miss'),
(847, 'Adrien Renner', 'Miss'),
(848, 'Madisyn Huel', 'Mr.'),
(849, 'Mr. Arno Gleichner V', 'Mr.'),
(850, 'Dr. Adelbert Tromp', 'Mr.'),
(851, 'Brandt Gusikowski MD', 'Mr.'),
(852, 'Jamir Huels', 'Mr.'),
(853, 'Theodora Jacobi', 'Dr.'),
(854, 'Antonietta Tremblay Jr.', 'Prof.'),
(855, 'Fletcher Marquardt', 'Dr.'),
(856, 'Elian Hane', 'Mrs.'),
(857, 'Dr. Bernita Pouros MD', 'Dr.'),
(858, 'Dr. Dale Labadie IV', 'Dr.'),
(859, 'Bryana Schroeder Sr.', 'Mr.'),
(860, 'Deja Borer Sr.', 'Mr.'),
(861, 'Prof. Celestino Daniel I', 'Prof.'),
(862, 'Mrs. Vickie Feil', 'Ms.'),
(863, 'Mario Muller', 'Prof.'),
(864, 'Piper Dooley', 'Prof.'),
(865, 'Jettie Kovacek', 'Dr.'),
(866, 'Marcus Wiza Jr.', 'Prof.'),
(867, 'Nikolas Ward', 'Dr.'),
(868, 'Adan Windler DVM', 'Prof.'),
(869, 'Larissa Mills', 'Miss'),
(870, 'Faustino Larkin', 'Mr.'),
(871, 'Prof. Nelle Boyer PhD', 'Prof.'),
(872, 'Dr. Vicenta Roob', 'Dr.'),
(873, 'Prof. Lourdes Grady II', 'Dr.'),
(874, 'Fatima Grant', 'Prof.'),
(875, 'Janiya Waelchi', 'Mr.'),
(876, 'Ms. Megane Muller', 'Miss'),
(877, 'Durward Pfeffer', 'Mrs.'),
(878, 'Dr. Gail Harvey Sr.', 'Prof.'),
(879, 'Donnell Wolff PhD', 'Dr.'),
(880, 'Prof. Moshe Kub PhD', 'Prof.'),
(881, 'Bailey Thiel', 'Miss'),
(882, 'Jovan Rath', 'Prof.'),
(883, 'Dr. Christa Haley', 'Mrs.'),
(884, 'Ms. Audreanne Schroeder', 'Mr.'),
(885, 'Keanu Rowe', 'Mr.'),
(886, 'Tina Strosin', 'Prof.'),
(887, 'Mr. Oda Walsh DDS', 'Prof.'),
(888, 'Rickey Hamill', 'Miss'),
(889, 'Bianka Gorczany', 'Ms.'),
(890, 'Karlie Schneider PhD', 'Dr.'),
(891, 'Mr. Terrence Russel', 'Ms.'),
(892, 'Markus Paucek', 'Prof.'),
(893, 'Aida Heathcote', 'Mrs.'),
(894, 'Earline Walter', 'Ms.'),
(895, 'Fidel Turcotte', 'Mr.'),
(896, 'May Boyle', 'Dr.'),
(897, 'Kendall Cummerata', 'Dr.'),
(898, 'Evans Pouros Sr.', 'Dr.'),
(899, 'Dr. Cruz Murazik', 'Dr.'),
(900, 'Lea Olson', 'Ms.'),
(901, 'Ms. Bernita Weissnat V', 'Dr.'),
(902, 'Miss Iliana Roob I', 'Miss'),
(903, 'Ralph Runolfsson', 'Ms.'),
(904, 'Dion Senger', 'Prof.'),
(905, 'Lance Effertz DDS', 'Miss'),
(906, 'Carley Parisian I', 'Dr.'),
(907, 'Mertie Ritchie', 'Miss'),
(908, 'Dr. Ruben Rosenbaum II', 'Mr.'),
(909, 'Everett Botsford', 'Miss'),
(910, 'Mrs. Alda Conroy', 'Dr.'),
(911, 'Marley Collier', 'Dr.'),
(912, 'Gino Maggio', 'Ms.'),
(913, 'Mellie Stoltenberg', 'Mr.'),
(914, 'Prof. Parker Lockman Jr.', 'Prof.'),
(915, 'Tevin Kuphal', 'Dr.'),
(916, 'Dayana Halvorson DVM', 'Dr.'),
(917, 'Miss Jayda O''Hara III', 'Dr.'),
(918, 'Nelle Wyman', 'Prof.'),
(919, 'Daphne Klein', 'Prof.'),
(920, 'Dr. Camron Reinger', 'Prof.'),
(921, 'Selina Shields', 'Mr.'),
(922, 'Hallie Stanton', 'Miss'),
(923, 'Mr. Keyon Ward IV', 'Mr.'),
(924, 'Odessa Bernhard', 'Mr.'),
(925, 'Prof. Rocio Goyette Jr.', 'Prof.'),
(926, 'Kacey Smitham', 'Miss'),
(927, 'Carlie Orn DVM', 'Prof.'),
(928, 'Alden O''Connell', 'Prof.'),
(929, 'Rowan Bergstrom II', 'Miss'),
(930, 'Ms. Tania Reichel', 'Prof.'),
(931, 'Ms. Lottie Fay IV', 'Dr.'),
(932, 'Crawford Wuckert III', 'Ms.'),
(933, 'Miss Alanna Morissette IV', 'Ms.'),
(934, 'Ludie Crist', 'Dr.'),
(935, 'Clemens Watsica', 'Dr.'),
(936, 'Dr. Dannie Reichel', 'Miss'),
(937, 'Mylene Spencer', 'Mr.'),
(938, 'Mr. Franco Spinka II', 'Mrs.'),
(939, 'Ismael Goyette', 'Prof.'),
(940, 'Letha Braun', 'Dr.'),
(941, 'Amalia Ritchie', 'Ms.'),
(942, 'Esta Towne', 'Dr.'),
(943, 'Jaycee Aufderhar', 'Prof.'),
(944, 'Prof. Russell Hayes', 'Prof.'),
(945, 'Leonora Schaden', 'Mr.'),
(946, 'Madisyn Olson II', 'Dr.'),
(947, 'Jacinthe Boehm II', 'Prof.'),
(948, 'Vidal Zieme', 'Ms.'),
(949, 'Rod Sauer', 'Miss'),
(950, 'Ms. Zena Kub PhD', 'Prof.'),
(951, 'Adella Mante', 'Miss'),
(952, 'Dennis Sipes III', 'Dr.'),
(953, 'Dixie Abernathy', 'Prof.'),
(954, 'Dawson Dickinson MD', 'Ms.'),
(955, 'Miss Brooklyn Muller III', 'Miss'),
(956, 'Alena Cole', 'Mr.'),
(957, 'Mr. Brennon Smitham', 'Mr.'),
(958, 'Jo Feil IV', 'Prof.'),
(959, 'Pinkie Lemke', 'Mr.'),
(960, 'Mrs. Juana Sauer', 'Prof.'),
(961, 'Dr. Giovanny Cassin V', 'Miss'),
(962, 'Malinda Gislason V', 'Ms.'),
(963, 'Prof. Rodrigo Walker', 'Mrs.'),
(964, 'Mr. Paul Senger DDS', 'Mrs.'),
(965, 'Deangelo Stiedemann', 'Prof.'),
(966, 'Dr. Furman Runolfsdottir', 'Mr.'),
(967, 'Mikayla Ruecker', 'Dr.'),
(968, 'Dr. Percival Mueller', 'Dr.'),
(969, 'Alfonso Rodriguez', 'Miss'),
(970, 'Mr. Orlando Stiedemann DDS', 'Mr.'),
(971, 'Uriah McKenzie', 'Mr.'),
(972, 'Trevion Leffler', 'Prof.'),
(973, 'Eusebio Towne', 'Mr.'),
(974, 'Mr. Omer Terry Sr.', 'Dr.'),
(975, 'Sabina Schowalter DDS', 'Dr.'),
(976, 'Donna Sipes', 'Mr.'),
(977, 'Tabitha Adams', 'Mrs.'),
(978, 'Hallie Kozey', 'Prof.'),
(979, 'Craig Romaguera', 'Dr.'),
(980, 'Prof. Lauretta Herman', 'Prof.'),
(981, 'Dr. Sid Kirlin II', 'Mr.'),
(982, 'Mrs. Albertha Klein MD', 'Mr.'),
(983, 'Marietta Vandervort', 'Prof.'),
(984, 'Ms. Idell Waters Jr.', 'Mrs.'),
(985, 'Carson Schroeder', 'Dr.'),
(986, 'Dixie Gorczany', 'Dr.'),
(987, 'Melany Hermann', 'Prof.'),
(988, 'Prof. Vita Rowe MD', 'Ms.'),
(989, 'Marley Hansen MD', 'Mrs.'),
(990, 'Adolf Ziemann', 'Mr.'),
(991, 'Dr. Efren Cormier Sr.', 'Prof.'),
(992, 'Weldon Wisoky DVM', 'Mr.'),
(993, 'Prof. Reva Hayes', 'Mrs.'),
(994, 'Jamal Deckow', 'Dr.'),
(995, 'Sabina Feeney', 'Prof.'),
(996, 'Kyleigh Mann IV', 'Mr.'),
(997, 'Dr. Afton Wintheiser', 'Mr.'),
(998, 'Lesly Greenfelder DDS', 'Mrs.'),
(999, 'Maurine Will I', 'Mr.'),
(1000, 'Ted Mosciski', 'Ms.');

-- --------------------------------------------------------

--
-- Table structure for table `users`
--

CREATE TABLE `users` (
  `id` int(11) NOT NULL,
  `userId` varchar(50) NOT NULL,
  `typeId` int(11) NOT NULL,
  `userEmail` varchar(45) NOT NULL,
  `password` varchar(60) NOT NULL,
  `rfID` int(11) DEFAULT NULL,
  `firstName` varchar(20) NOT NULL,
  `lastName` varchar(20) NOT NULL,
  `designationId` int(11) DEFAULT NULL,
  `phoneNumber` varchar(15) DEFAULT NULL,
  `picture` varchar(45) DEFAULT NULL,
  `dob` date DEFAULT NULL,
  `gender` char(1) NOT NULL,
  `active` tinyint(4) DEFAULT '1',
  `teamId` int(11) DEFAULT NULL,
  `remember_token` varchar(100) DEFAULT NULL,
  `created_at` timestamp NOT NULL DEFAULT CURRENT_TIMESTAMP,
  `updated_at` datetime DEFAULT NULL
) ENGINE=InnoDB DEFAULT CHARSET=utf8;

--
-- Dumping data for table `users`
--

INSERT INTO `users` (`id`, `userId`, `typeId`, `userEmail`, `password`, `rfID`, `firstName`, `lastName`, `designationId`, `phoneNumber`, `picture`, `dob`, `gender`, `active`, `teamId`, `remember_token`, `created_at`, `updated_at`) VALUES
(1, '11-111-11', 1, 'admin@admin.com', '$2y$10$iZulWAQ1e/CVhqnnajUZS.GeoNAk2cb6UioJ0f9d1mTchtItfcYaW', 123455689, 'Admin', 'Rahman', NULL, '01624729264', '1.11-111-11.png', '1995-08-26', 'M', 1, NULL, 'uoL3tnaXhrJxM6AOOe060akI9ifgmJtgbKLlbB9CQ7S0EUBJf2e90ZEJeoMo', '2018-01-16 10:24:38', '2018-01-26 10:57:01'),
(2, '22-222-22', 4, 'farzad@test.com', '$2y$10$XSW0IqbjcbC..A5fCVpm8eEVeiyJjT.0heIWYyly3CydW8hqNkWku', 134679797, 'Farzad', 'Rahman', NULL, '01624796565', '2.22-222-22.png', '2018-11-01', 'M', 1, 1, 'MEBgZghIxHWpSoHAIOlNhGLt7reqeuQhI3wqhcuCnxTEyaGhqDK3ST5N8BfQ', '2018-01-17 11:39:52', '2018-01-27 05:52:46'),
(3, '123456', 2, 'a1234@yahoo.com', '$2y$10$Op0O6XF/xxKn5bQXMK.9TePO9gGF8796BT0uVXAr4jjCDsSCGypU.', NULL, 'alamin', 'alamin', NULL, '01345987989', '', '2018-01-11', 'M', 1, NULL, NULL, '2018-01-22 06:33:03', '2018-01-26 10:04:15');

-- --------------------------------------------------------

--
-- Table structure for table `usertypes`
--

CREATE TABLE `usertypes` (
  `typeId` int(11) NOT NULL,
  `typeName` varchar(45) DEFAULT NULL
) ENGINE=InnoDB DEFAULT CHARSET=utf8;

--
-- Dumping data for table `usertypes`
--

INSERT INTO `usertypes` (`typeId`, `typeName`) VALUES
(1, 'Admin'),
(2, 'Manager'),
(4, 'RA'),
(3, 'Supervisor'),
(5, 'User');

-- --------------------------------------------------------

--
-- Table structure for table `workprogress`
--

CREATE TABLE `workprogress` (
  `progressId` int(11) NOT NULL,
  `callingReport` int(11) DEFAULT NULL,
  `leadId` int(11) DEFAULT NULL,
  `progress` varchar(100) DEFAULT NULL,
  `userId` int(11) DEFAULT NULL,
  `comments` varchar(300) DEFAULT NULL,
  `created_at` timestamp NOT NULL DEFAULT CURRENT_TIMESTAMP
) ENGINE=InnoDB DEFAULT CHARSET=utf8;

--
-- Dumping data for table `workprogress`
--

INSERT INTO `workprogress` (`progressId`, `callingReport`, `leadId`, `progress`, `userId`, `comments`, `created_at`) VALUES
(1, 6, 11, 'Test job', 2, 'commented', '2018-01-26 10:06:36'),
(2, 5, 11, NULL, 2, 'sfsdfsd', '2018-01-26 10:22:59'),
(3, 5, 11, NULL, 2, 'bbcvbcvb', '2018-01-26 10:37:22'),
(4, 5, 12, NULL, 2, 'rejected', '2018-01-27 07:02:07'),
(5, 6, 8, NULL, 2, 'dswdsdjsjd', '2018-01-27 11:38:27'),
(6, 6, 8, 'Test job', 2, 'czxc', '2018-01-27 11:42:35'),
(7, 1, 11, NULL, 2, 'called him', '2018-01-29 04:41:18'),
(8, 1, 11, NULL, 2, 'qdsdads', '2018-01-29 05:46:01'),
(9, 1, 11, NULL, 2, 'asdasd', '2018-01-29 07:11:26'),
(10, 5, 11, NULL, 2, 'asdad', '2018-01-29 07:11:32'),
(11, 5, 11, NULL, 2, 'asd', '2018-01-29 07:11:41'),
(12, 5, 11, NULL, 2, 'asd afa f', '2018-01-29 07:11:51'),
(13, 1, 11, NULL, 2, 'asdf dasfasdsaf \r\nasdf sa\r\nfas \r\nsdf\r\nsaf\r\nsaf\r\n sf', '2018-01-29 07:12:02'),
(14, 1, 11, NULL, 2, 'scxzczxc', '2018-01-29 08:03:32');

--
-- Indexes for dumped tables
--

--
-- Indexes for table `callingreports`
--
ALTER TABLE `callingreports`
  ADD PRIMARY KEY (`callingReportId`);

--
-- Indexes for table `categories`
--
ALTER TABLE `categories`
  ADD PRIMARY KEY (`categoryId`),
  ADD UNIQUE KEY `category_name_UNIQUE` (`categoryName`);

--
-- Indexes for table `comments`
--
ALTER TABLE `comments`
  ADD PRIMARY KEY (`commentId`),
  ADD KEY `fk_lead_id_idx` (`leadId`),
  ADD KEY `fk_user_id_idx` (`userId`);

--
-- Indexes for table `countries`
--
ALTER TABLE `countries`
  ADD PRIMARY KEY (`countryId`),
  ADD UNIQUE KEY `category_name_UNIQUE` (`countryName`);

--
-- Indexes for table `designations`
--
ALTER TABLE `designations`
  ADD PRIMARY KEY (`designationId`);

--
-- Indexes for table `followup`
--
ALTER TABLE `followup`
  ADD PRIMARY KEY (`followId`),
  ADD KEY `fk_lead_id_idx` (`leadId`),
  ADD KEY `fk_user_id_followup_idx` (`userId`);

--
-- Indexes for table `leadassigneds`
--
ALTER TABLE `leadassigneds`
  ADD PRIMARY KEY (`assignId`),
  ADD KEY `fk_lead_id_idx` (`leadId`),
  ADD KEY `fk_assignBy_idx` (`assignBy`),
  ADD KEY `fk_assignTo_idx` (`assignTo`);

--
-- Indexes for table `leads`
--
ALTER TABLE `leads`
  ADD PRIMARY KEY (`leadId`),
  ADD KEY `fk_leads_possibilitys1_idx` (`possibilityId`),
  ADD KEY `fk_leads_categories1_idx` (`categoryId`),
  ADD KEY `fk_status_id_idx` (`statusId`),
  ADD KEY `fk_country_id_idx` (`countryId`),
  ADD KEY `fk_mined_by_idx` (`minedBy`),
  ADD KEY `fk_Contacted_id_idx` (`contactedUserId`);

--
-- Indexes for table `leadstatus`
--
ALTER TABLE `leadstatus`
  ADD PRIMARY KEY (`statusId`);

--
-- Indexes for table `leaves`
--
ALTER TABLE `leaves`
  ADD PRIMARY KEY (`leaveId`),
  ADD KEY `fk_leaves_users_idx` (`userId`);

--
-- Indexes for table `notices`
--
ALTER TABLE `notices`
  ADD PRIMARY KEY (`noticeId`),
  ADD KEY `fk_notices_Users1_idx` (`userId`),
  ADD KEY `fh_category_id_idx` (`categoryId`);

--
-- Indexes for table `possibilities`
--
ALTER TABLE `possibilities`
  ADD PRIMARY KEY (`possibilityId`),
  ADD UNIQUE KEY `possibility_name_UNIQUE` (`possibilityName`);

--
-- Indexes for table `possibilitychanges`
--
ALTER TABLE `possibilitychanges`
  ADD PRIMARY KEY (`changeId`),
  ADD KEY `fk_lead_possibility_idx` (`leadId`),
  ADD KEY `fk_user_pos_changr_idx` (`userId`),
  ADD KEY `fk_possibilityChanges_possibilities1_idx` (`possibilityId`);

--
-- Indexes for table `teams`
--
ALTER TABLE `teams`
  ADD PRIMARY KEY (`teamId`);

--
-- Indexes for table `tests`
--
ALTER TABLE `tests`
  ADD PRIMARY KEY (`id`);

--
-- Indexes for table `users`
--
ALTER TABLE `users`
  ADD PRIMARY KEY (`id`),
  ADD UNIQUE KEY `user_email_UNIQUE` (`userEmail`),
  ADD UNIQUE KEY `userId_UNIQUE` (`userId`),
  ADD KEY `fk_user_type_idx` (`typeId`),
  ADD KEY `fk_designation_id_idx` (`designationId`);

--
-- Indexes for table `usertypes`
--
ALTER TABLE `usertypes`
  ADD PRIMARY KEY (`typeId`),
  ADD UNIQUE KEY `type_name_UNIQUE` (`typeName`);

--
-- Indexes for table `workprogress`
--
ALTER TABLE `workprogress`
  ADD PRIMARY KEY (`progressId`),
  ADD KEY `fk_lead_id_idx` (`leadId`),
  ADD KEY `fk_user_id_work_idx` (`userId`),
  ADD KEY `fk_callingreport_id_idx` (`callingReport`);

--
-- AUTO_INCREMENT for dumped tables
--

--
-- AUTO_INCREMENT for table `callingreports`
--
ALTER TABLE `callingreports`
  MODIFY `callingReportId` int(11) NOT NULL AUTO_INCREMENT, AUTO_INCREMENT=7;
--
-- AUTO_INCREMENT for table `categories`
--
ALTER TABLE `categories`
  MODIFY `categoryId` int(11) NOT NULL AUTO_INCREMENT, AUTO_INCREMENT=4;
--
-- AUTO_INCREMENT for table `comments`
--
ALTER TABLE `comments`
  MODIFY `commentId` int(11) NOT NULL AUTO_INCREMENT;
--
-- AUTO_INCREMENT for table `countries`
--
ALTER TABLE `countries`
  MODIFY `countryId` int(11) NOT NULL AUTO_INCREMENT, AUTO_INCREMENT=3;
--
-- AUTO_INCREMENT for table `designations`
--
ALTER TABLE `designations`
  MODIFY `designationId` int(11) NOT NULL AUTO_INCREMENT;
--
-- AUTO_INCREMENT for table `followup`
--
ALTER TABLE `followup`
  MODIFY `followId` int(11) NOT NULL AUTO_INCREMENT, AUTO_INCREMENT=4;
--
-- AUTO_INCREMENT for table `leadassigneds`
--
ALTER TABLE `leadassigneds`
  MODIFY `assignId` int(11) NOT NULL AUTO_INCREMENT;
--
-- AUTO_INCREMENT for table `leads`
--
ALTER TABLE `leads`
  MODIFY `leadId` int(11) NOT NULL AUTO_INCREMENT, AUTO_INCREMENT=17;
--
-- AUTO_INCREMENT for table `leadstatus`
--
ALTER TABLE `leadstatus`
  MODIFY `statusId` int(11) NOT NULL AUTO_INCREMENT, AUTO_INCREMENT=3;
--
-- AUTO_INCREMENT for table `leaves`
--
ALTER TABLE `leaves`
  MODIFY `leaveId` int(11) NOT NULL AUTO_INCREMENT;
--
-- AUTO_INCREMENT for table `notices`
--
ALTER TABLE `notices`
  MODIFY `noticeId` int(11) NOT NULL AUTO_INCREMENT, AUTO_INCREMENT=3;
--
-- AUTO_INCREMENT for table `possibilities`
--
ALTER TABLE `possibilities`
  MODIFY `possibilityId` int(11) NOT NULL AUTO_INCREMENT, AUTO_INCREMENT=6;
--
-- AUTO_INCREMENT for table `possibilitychanges`
--
ALTER TABLE `possibilitychanges`
  MODIFY `changeId` int(11) NOT NULL AUTO_INCREMENT, AUTO_INCREMENT=53;
--
-- AUTO_INCREMENT for table `teams`
--
ALTER TABLE `teams`
  MODIFY `teamId` int(11) NOT NULL AUTO_INCREMENT, AUTO_INCREMENT=6;
--
-- AUTO_INCREMENT for table `tests`
--
ALTER TABLE `tests`
  MODIFY `id` int(11) NOT NULL AUTO_INCREMENT, AUTO_INCREMENT=1001;
--
-- AUTO_INCREMENT for table `users`
--
ALTER TABLE `users`
  MODIFY `id` int(11) NOT NULL AUTO_INCREMENT, AUTO_INCREMENT=4;
--
-- AUTO_INCREMENT for table `usertypes`
--
ALTER TABLE `usertypes`
  MODIFY `typeId` int(11) NOT NULL AUTO_INCREMENT, AUTO_INCREMENT=6;
--
-- AUTO_INCREMENT for table `workprogress`
--
ALTER TABLE `workprogress`
  MODIFY `progressId` int(11) NOT NULL AUTO_INCREMENT, AUTO_INCREMENT=15;
--
-- Constraints for dumped tables
--

--
-- Constraints for table `comments`
--
ALTER TABLE `comments`
  ADD CONSTRAINT `fk_lead_comments` FOREIGN KEY (`leadId`) REFERENCES `leads` (`leadId`) ON DELETE NO ACTION ON UPDATE NO ACTION,
  ADD CONSTRAINT `fk_user_comments` FOREIGN KEY (`userId`) REFERENCES `users` (`Id`) ON DELETE NO ACTION ON UPDATE NO ACTION;

--
-- Constraints for table `followup`
--
ALTER TABLE `followup`
  ADD CONSTRAINT `fk_lead_id_followup` FOREIGN KEY (`leadId`) REFERENCES `leads` (`leadId`) ON DELETE NO ACTION ON UPDATE NO ACTION,
  ADD CONSTRAINT `fk_user_id_followup` FOREIGN KEY (`userId`) REFERENCES `users` (`Id`) ON DELETE NO ACTION ON UPDATE NO ACTION;

--
-- Constraints for table `leadassigneds`
--
ALTER TABLE `leadassigneds`
  ADD CONSTRAINT `fk_assignBy` FOREIGN KEY (`assignBy`) REFERENCES `users` (`Id`) ON DELETE NO ACTION ON UPDATE NO ACTION,
  ADD CONSTRAINT `fk_assignTo` FOREIGN KEY (`assignTo`) REFERENCES `users` (`Id`) ON DELETE NO ACTION ON UPDATE NO ACTION,
  ADD CONSTRAINT `fk_lead_id` FOREIGN KEY (`leadId`) REFERENCES `leads` (`leadId`) ON DELETE NO ACTION ON UPDATE NO ACTION;

--
-- Constraints for table `leads`
--
ALTER TABLE `leads`
  ADD CONSTRAINT `fk_Contacted_id` FOREIGN KEY (`contactedUserId`) REFERENCES `users` (`Id`) ON DELETE NO ACTION ON UPDATE NO ACTION,
  ADD CONSTRAINT `fk_Country_id` FOREIGN KEY (`countryId`) REFERENCES `countries` (`countryId`),
  ADD CONSTRAINT `fk_leadStatus_id` FOREIGN KEY (`statusId`) REFERENCES `leadstatus` (`statusId`) ON DELETE NO ACTION ON UPDATE NO ACTION,
  ADD CONSTRAINT `fk_lead_categoryid` FOREIGN KEY (`categoryId`) REFERENCES `categories` (`categoryId`) ON DELETE NO ACTION,
  ADD CONSTRAINT `fk_mined_by` FOREIGN KEY (`minedBy`) REFERENCES `users` (`Id`) ON DELETE NO ACTION ON UPDATE NO ACTION,
  ADD CONSTRAINT `fk_possibility_id` FOREIGN KEY (`possibilityId`) REFERENCES `possibilities` (`possibilityId`) ON DELETE NO ACTION ON UPDATE NO ACTION;

--
-- Constraints for table `leaves`
--
ALTER TABLE `leaves`
  ADD CONSTRAINT `fk_leaves_users` FOREIGN KEY (`userId`) REFERENCES `users` (`Id`) ON DELETE NO ACTION ON UPDATE NO ACTION;

--
-- Constraints for table `notices`
--
ALTER TABLE `notices`
  ADD CONSTRAINT `fh_category_id` FOREIGN KEY (`categoryId`) REFERENCES `categories` (`categoryId`) ON DELETE NO ACTION ON UPDATE NO ACTION,
  ADD CONSTRAINT `fk_user_id` FOREIGN KEY (`userId`) REFERENCES `users` (`Id`) ON DELETE NO ACTION ON UPDATE NO ACTION;

--
-- Constraints for table `possibilitychanges`
--
ALTER TABLE `possibilitychanges`
  ADD CONSTRAINT `fk_lead_possibility` FOREIGN KEY (`leadId`) REFERENCES `leads` (`leadId`) ON DELETE NO ACTION ON UPDATE NO ACTION,
  ADD CONSTRAINT `fk_possibilityChanges_possibilities1` FOREIGN KEY (`possibilityId`) REFERENCES `possibilities` (`possibilityId`) ON DELETE NO ACTION ON UPDATE NO ACTION,
  ADD CONSTRAINT `fk_user_pos_change` FOREIGN KEY (`userId`) REFERENCES `users` (`Id`) ON DELETE NO ACTION ON UPDATE NO ACTION;

--
-- Constraints for table `users`
--
ALTER TABLE `users`
  ADD CONSTRAINT `fk_designation_id` FOREIGN KEY (`designationId`) REFERENCES `designations` (`designationId`) ON DELETE NO ACTION ON UPDATE NO ACTION,
  ADD CONSTRAINT `fk_user_type` FOREIGN KEY (`typeId`) REFERENCES `usertypes` (`typeId`) ON DELETE NO ACTION ON UPDATE NO ACTION;

--
-- Constraints for table `workprogress`
--
ALTER TABLE `workprogress`
  ADD CONSTRAINT `fk_callingreport_id` FOREIGN KEY (`callingReport`) REFERENCES `callingreports` (`callingReportId`) ON DELETE NO ACTION ON UPDATE NO ACTION,
  ADD CONSTRAINT `fk_lead_id_work` FOREIGN KEY (`leadId`) REFERENCES `leads` (`leadId`) ON DELETE NO ACTION ON UPDATE NO ACTION,
  ADD CONSTRAINT `fk_user_id_work` FOREIGN KEY (`userId`) REFERENCES `users` (`Id`) ON DELETE NO ACTION ON UPDATE NO ACTION;

/*!40101 SET CHARACTER_SET_CLIENT=@OLD_CHARACTER_SET_CLIENT */;
/*!40101 SET CHARACTER_SET_RESULTS=@OLD_CHARACTER_SET_RESULTS */;
/*!40101 SET COLLATION_CONNECTION=@OLD_COLLATION_CONNECTION */;
